OrderID,ProductID,Category,Quantity,UnitPrice,CustomerID,Date
1,P124,Food & Beverage,3,73.89,C0407,2025-07-26
2,P119,Food & Beverage,1,196.59,C0178,2025-02-12
3,P040,Food & Beverage,3,435.92,C0460,2024-12-05
4,P061,Food & Beverage,5,432.09,C0007,2025-07-20
5,P017,Electronics,8,384.52,C0202,2024-11-01
6,P053,Home Goods,9,354.15,C0033,2024-12-12
7,P186,Food & Beverage,2,412.29,C0314,2024-09-01
8,P177,Books,1,442.47,C0183,2025-06-14
9,P191,Food & Beverage,6,204.87,C0208,2025-04-30
10,P124,Food & Beverage,4,277.83,C0355,2024-10-27
11,P006,Home Goods,8,469.85,C0299,2025-05-14
12,P059,Home Goods,3,289.48,C0011,2025-07-14
13,P188,Food & Beverage,3,35.38,C0137,2024-08-31
14,P036,Beauty,5,107.55,C0471,2024-09-06
15,P073,Food & Beverage,8,497.16,C0205,2025-05-09
16,P195,Food & Beverage,7,411.29,C0211,2025-08-05
17,P052,Books,8,216.82,C0297,2025-01-22
18,P085,Beauty,9,301.52,C0032,2024-11-18
19,P148,Apparel,9,459.79,C0133,2024-11-11
20,P004,Apparel,5,482.96,C0092,2024-12-14
21,P113,Books,8,485.87,C0192,2024-11-04
22,P024,Home Goods,8,123.47,C0448,2024-12-03
23,P188,Home Goods,9,258.19,C0332,2025-04-15
24,P172,Books,4,355.29,C0376,2025-07-18
25,P126,Home Goods,1,139.72,C0023,2025-07-07
26,P014,Food & Beverage,8,451.95,C0370,2025-03-05
27,P068,Food & Beverage,1,427.28,C0039,2025-01-23
28,P055,Books,1,259.97,C0291,2024-10-28
29,P004,Books,2,189.11,C0237,2025-02-26
30,P096,Beauty,1,427.24,C0232,2025-01-31
31,P078,Books,6,451.47,C0001,2024-11-23
32,P193,Beauty,4,336.51,C0339,2024-10-21
33,P188,Books,4,8.29,C0177,2024-10-04
34,P115,Food & Beverage,3,214.92,C0156,2025-03-17
35,P121,Beauty,3,384.1,C0167,2024-09-09
36,P170,Home Goods,2,120.46,C0457,2025-06-03
37,P036,Food & Beverage,8,29.94,C0213,2025-04-05
38,P087,Apparel,9,291.65,C0214,2024-11-14
39,P105,Books,4,87.7,C0242,2025-02-05
40,P107,Beauty,1,491.82,C0086,2025-06-01
41,P181,Books,10,106.38,C0075,2024-11-16
42,P163,Beauty,9,236.23,C0454,2024-11-17
43,P075,Electronics,10,266.22,C0176,2025-01-17
44,P126,Home Goods,10,328.14,C0349,2025-07-11
45,P002,Electronics,8,274.45,C0126,2025-07-20
46,P025,Beauty,6,199.66,C0437,2025-06-01
47,P116,Beauty,8,138.71,C0158,2025-07-02
48,P067,Food & Beverage,8,55.53,C0401,2025-04-14
49,P199,Home Goods,1,185.19,C0028,2024-08-16
50,P092,Home Goods,6,375.8,C0077,2025-07-13
51,P015,Apparel,7,338.18,C0218,2024-12-07
52,P150,Apparel,1,456.28,C0255,2024-12-09
53,P193,Books,9,348.3,C0192,2024-08-18
54,P043,Apparel,10,269.12,C0085,2024-08-15
55,P107,Books,9,143.95,C0136,2024-10-13
56,P047,Food & Beverage,1,191.61,C0443,2025-05-21
57,P149,Books,4,350.97,C0445,2024-12-30
58,P055,Food & Beverage,4,108.81,C0133,2024-12-12
59,P016,Food & Beverage,1,73.85,C0333,2025-07-14
60,P144,Electronics,8,130.08,C0492,2024-12-27
61,P064,Food & Beverage,4,169.81,C0035,2025-01-31
62,P150,Books,7,214.43,C0041,2025-07-13
63,P007,Food & Beverage,9,139.71,C0048,2024-10-17
64,P083,Books,1,499.23,C0271,2025-05-27
65,P023,Electronics,8,264.35,C0300,2025-07-03
66,P042,Books,3,323.9,C0075,2025-04-15
67,P036,Beauty,5,246.42,C0257,2025-05-12
68,P086,Food & Beverage,8,156.01,C0434,2025-07-24
69,P025,Electronics,3,25.71,C0279,2025-01-23
70,P200,Home Goods,5,311.21,C0075,2024-11-16
71,P113,Home Goods,10,301.94,C0264,2024-09-25
72,P181,Beauty,8,342.56,C0013,2024-10-17
73,P114,Electronics,4,12.92,C0079,2025-04-23
74,P161,Beauty,7,31.92,C0050,2024-08-20
75,P009,Beauty,3,360.41,C0492,2025-06-21
76,P111,Beauty,1,492.13,C0255,2024-10-12
77,P047,Electronics,4,273.1,C0348,2025-04-23
78,P192,Electronics,10,28.7,C0045,2024-11-13
79,P089,Home Goods,5,229.32,C0234,2024-12-10
80,P064,Electronics,6,228.22,C0320,2025-05-31
81,P038,Books,1,16.7,C0191,2025-04-21
82,P080,Electronics,7,15.88,C0233,2024-09-17
83,P153,Apparel,3,226.99,C0479,2024-09-10
84,P063,Home Goods,2,70.02,C0350,2025-03-16
85,P197,Beauty,3,226.57,C0445,2024-11-06
86,P051,Apparel,10,416.88,C0500,2025-02-07
87,P172,Books,7,61.51,C0161,2025-01-06
88,P069,Books,8,436.19,C0353,2024-12-22
89,P015,Beauty,5,314.97,C0245,2024-11-14
90,P065,Electronics,4,303.05,C0313,2024-09-08
91,P158,Beauty,2,254.89,C0407,2025-06-28
92,P045,Beauty,7,447.92,C0187,2025-01-16
93,P033,Home Goods,1,405.27,C0490,2025-04-08
94,P002,Home Goods,9,328.21,C0323,2024-10-27
95,P072,Home Goods,2,135.92,C0258,2024-10-25
96,P030,Apparel,1,184.05,C0405,2025-05-12
97,P066,Food & Beverage,8,280.96,C0417,2024-10-01
98,P004,Food & Beverage,5,417.02,C0292,2024-12-14
99,P190,Home Goods,8,199.21,C0290,2024-11-17
100,P034,Beauty,8,72.63,C0065,2025-06-23
101,P139,Apparel,7,403.94,C0442,2025-02-07
102,P031,Apparel,1,444.41,C0306,2024-11-30
103,P014,Books,9,418.65,C0100,2025-05-12
104,P042,Beauty,4,393.74,C0024,2025-03-23
105,P171,Food & Beverage,4,37.27,C0123,2024-11-05
106,P058,Beauty,9,77.76,C0420,2024-09-08
107,P048,Food & Beverage,8,103.22,C0184,2024-12-07
108,P132,Electronics,6,160.95,C0292,2025-03-14
109,P134,Books,7,65.41,C0049,2024-12-03
110,P017,Apparel,8,404.32,C0404,2025-03-02
111,P102,Apparel,2,355.38,C0137,2024-09-20
112,P014,Beauty,3,7.8,C0270,2024-12-11
113,P149,Home Goods,3,459.24,C0274,2025-02-03
114,P057,Electronics,4,330.72,C0427,2025-07-25
115,P185,Food & Beverage,6,494.53,C0175,2024-10-03
116,P144,Home Goods,9,395.8,C0471,2025-01-01
117,P054,Books,10,316.58,C0427,2024-10-23
118,P097,Beauty,10,30.71,C0376,2025-06-18
119,P025,Apparel,8,137.17,C0316,2025-05-03
120,P029,Home Goods,1,315.61,C0465,2025-07-18
121,P059,Home Goods,4,290.29,C0495,2025-07-20
122,P182,Home Goods,10,350.03,C0134,2025-06-22
123,P012,Beauty,4,336.14,C0330,2024-08-27
124,P152,Books,7,253.48,C0139,2025-01-15
125,P165,Books,5,316.93,C0301,2025-02-16
126,P119,Home Goods,6,263.16,C0303,2024-11-27
127,P033,Beauty,10,349.96,C0423,2024-11-09
128,P158,Electronics,9,477.54,C0396,2024-09-22
129,P021,Home Goods,8,208.96,C0003,2025-02-09
130,P184,Books,3,14.76,C0433,2024-10-11
131,P057,Food & Beverage,2,116.88,C0352,2024-09-07
132,P076,Home Goods,3,118.46,C0262,2024-09-24
133,P119,Apparel,8,152.26,C0122,2024-12-30
134,P098,Food & Beverage,1,94.76,C0164,2024-08-09
135,P113,Home Goods,10,415.9,C0434,2025-01-11
136,P177,Beauty,10,361.49,C0152,2024-12-18
137,P200,Beauty,2,345.49,C0078,2024-08-10
138,P192,Electronics,5,195.83,C0205,2025-07-12
139,P039,Beauty,10,352.52,C0181,2024-11-16
140,P033,Food & Beverage,10,374.15,C0091,2025-05-16
141,P040,Food & Beverage,10,65.42,C0430,2025-03-05
142,P032,Food & Beverage,1,342.73,C0495,2025-07-29
143,P176,Home Goods,6,226.48,C0130,2025-01-09
144,P077,Home Goods,6,41.94,C0214,2025-06-20
145,P062,Food & Beverage,7,302.64,C0163,2025-06-14
146,P114,Home Goods,3,19.01,C0205,2025-05-06
147,P080,Food & Beverage,8,61.5,C0142,2025-05-13
148,P084,Apparel,10,362.56,C0460,2024-08-20
149,P174,Apparel,7,356.06,C0286,2024-08-20
150,P035,Books,2,492.15,C0120,2025-03-08
151,P185,Home Goods,6,355.23,C0177,2025-05-20
152,P145,Books,9,252.23,C0442,2025-06-29
153,P019,Books,6,168.42,C0226,2024-10-20
154,P122,Home Goods,5,435.39,C0186,2025-03-08
155,P188,Books,6,371.84,C0439,2024-11-26
156,P130,Home Goods,5,325.51,C0494,2025-07-07
157,P133,Beauty,10,235.17,C0060,2025-01-05
158,P157,Beauty,8,84.4,C0366,2025-02-17
159,P147,Electronics,3,269.95,C0317,2025-02-01
160,P092,Books,3,164.17,C0040,2025-07-31
161,P137,Electronics,7,177.11,C0318,2025-01-25
162,P190,Food & Beverage,6,435.27,C0383,2025-07-03
163,P146,Electronics,9,29.87,C0393,2024-11-03
164,P093,Books,8,67.97,C0079,2024-12-19
165,P147,Food & Beverage,9,73.26,C0229,2025-03-26
166,P058,Electronics,4,261.75,C0461,2025-01-26
167,P185,Home Goods,3,187.93,C0468,2025-07-03
168,P200,Food & Beverage,4,107.46,C0144,2025-01-07
169,P100,Food & Beverage,1,330.26,C0336,2025-02-19
170,P018,Electronics,1,347.62,C0217,2025-08-06
171,P132,Apparel,7,460.14,C0076,2025-08-04
172,P108,Home Goods,5,411.96,C0015,2025-03-10
173,P005,Beauty,6,194.23,C0334,2024-09-07
174,P020,Food & Beverage,8,47.53,C0306,2025-04-30
175,P184,Food & Beverage,2,68.02,C0100,2024-08-19
176,P071,Books,9,238.45,C0209,2025-01-07
177,P001,Electronics,7,311.44,C0188,2024-12-19
178,P077,Home Goods,3,415.72,C0390,2025-03-22
179,P016,Electronics,8,413.25,C0211,2025-07-06
180,P029,Home Goods,6,422.09,C0429,2025-02-12
181,P042,Books,3,155.69,C0075,2025-01-18
182,P117,Books,10,472.66,C0004,2025-03-22
183,P045,Food & Beverage,8,294.73,C0018,2024-09-11
184,P049,Electronics,7,390.65,C0190,2024-11-16
185,P165,Books,4,353.62,C0049,2024-12-23
186,P029,Electronics,2,392.03,C0207,2024-11-05
187,P005,Beauty,9,454.87,C0475,2025-04-15
188,P064,Beauty,10,89.42,C0426,2025-03-05
189,P094,Apparel,10,407.84,C0334,2024-09-26
190,P034,Books,2,309.81,C0453,2025-03-04
191,P015,Food & Beverage,7,167.81,C0284,2024-09-23
192,P111,Books,1,298.33,C0387,2025-06-24
193,P105,Apparel,2,119.48,C0016,2024-12-22
194,P049,Food & Beverage,1,386.41,C0157,2024-10-09
195,P077,Beauty,9,380.84,C0041,2024-10-26
196,P158,Apparel,8,362.67,C0186,2024-10-07
197,P163,Beauty,8,404.2,C0158,2024-10-22
198,P100,Food & Beverage,4,364.23,C0169,2025-06-18
199,P023,Apparel,7,234.75,C0257,2025-03-13
200,P109,Beauty,9,45.93,C0014,2024-11-14
201,P069,Electronics,6,315.32,C0133,2025-01-25
202,P148,Beauty,2,490.07,C0347,2025-01-07
203,P032,Food & Beverage,9,294.17,C0401,2025-04-30
204,P069,Apparel,7,430.49,C0317,2024-09-28
205,P016,Beauty,7,339.31,C0326,2025-04-20
206,P174,Beauty,8,379.69,C0382,2024-08-24
207,P023,Electronics,5,84.35,C0396,2025-03-20
208,P097,Food & Beverage,2,437.75,C0451,2025-07-25
209,P127,Electronics,8,30.84,C0405,2025-03-01
210,P124,Electronics,3,144.63,C0368,2025-01-07
211,P145,Beauty,7,55.26,C0362,2025-05-13
212,P050,Apparel,7,226.0,C0397,2025-07-24
213,P024,Apparel,6,218.2,C0268,2024-10-10
214,P011,Apparel,9,178.5,C0036,2025-01-16
215,P088,Food & Beverage,9,215.91,C0497,2025-03-18
216,P174,Food & Beverage,7,100.86,C0308,2025-03-06
217,P121,Food & Beverage,9,122.36,C0327,2025-03-27
218,P071,Electronics,8,133.75,C0492,2024-12-10
219,P139,Home Goods,9,228.82,C0112,2024-11-03
220,P059,Books,8,142.02,C0101,2025-07-06
221,P161,Electronics,6,34.65,C0261,2024-12-14
222,P071,Electronics,8,376.56,C0098,2024-09-05
223,P194,Apparel,8,228.14,C0124,2025-07-25
224,P167,Apparel,5,94.45,C0313,2025-01-25
225,P136,Food & Beverage,9,179.51,C0223,2025-06-22
226,P045,Beauty,5,334.77,C0239,2024-09-13
227,P115,Home Goods,5,302.59,C0029,2024-09-19
228,P028,Apparel,3,215.55,C0238,2025-01-19
229,P100,Food & Beverage,5,489.86,C0184,2024-12-22
230,P163,Electronics,7,135.45,C0395,2024-12-02
231,P107,Home Goods,5,12.19,C0055,2025-05-15
232,P156,Books,5,28.34,C0409,2025-01-03
233,P160,Beauty,6,130.79,C0143,2024-10-06
234,P094,Apparel,3,112.63,C0469,2025-02-16
235,P080,Books,2,135.17,C0314,2025-04-01
236,P174,Apparel,1,413.48,C0151,2024-10-13
237,P092,Beauty,10,114.53,C0182,2025-07-13
238,P076,Home Goods,4,367.84,C0167,2024-11-26
239,P103,Home Goods,6,444.23,C0418,2025-04-11
240,P027,Apparel,5,327.38,C0399,2025-05-27
241,P150,Apparel,10,357.98,C0164,2024-08-08
242,P109,Books,2,10.62,C0180,2024-10-29
243,P012,Home Goods,1,221.38,C0383,2025-04-09
244,P079,Books,8,60.54,C0028,2024-10-22
245,P053,Home Goods,5,292.6,C0060,2025-03-13
246,P139,Home Goods,9,6.83,C0124,2025-07-13
247,P186,Home Goods,5,116.06,C0249,2024-12-28
248,P140,Books,10,218.88,C0424,2025-05-24
249,P136,Home Goods,1,26.01,C0206,2025-01-15
250,P101,Home Goods,3,440.67,C0320,2025-06-14
251,P017,Beauty,2,28.37,C0123,2024-11-24
252,P103,Apparel,4,164.19,C0079,2025-01-29
253,P143,Apparel,2,462.37,C0238,2025-01-31
254,P023,Books,4,450.07,C0190,2025-01-13
255,P078,Beauty,2,308.16,C0352,2025-07-18
256,P134,Electronics,8,117.12,C0427,2025-02-15
257,P042,Food & Beverage,5,41.74,C0069,2025-01-04
258,P081,Apparel,1,211.48,C0173,2025-05-07
259,P047,Apparel,4,496.77,C0364,2025-03-31
260,P082,Food & Beverage,6,202.07,C0329,2024-11-20
261,P149,Apparel,4,280.26,C0121,2024-08-30
262,P149,Electronics,6,110.91,C0318,2025-04-30
263,P157,Electronics,10,99.16,C0333,2025-04-02
264,P173,Apparel,9,104.16,C0232,2024-10-04
265,P152,Beauty,6,442.69,C0415,2025-02-07
266,P119,Books,10,304.52,C0279,2025-04-06
267,P015,Electronics,4,433.92,C0159,2025-05-05
268,P003,Beauty,7,151.74,C0242,2025-01-01
269,P057,Food & Beverage,3,170.78,C0156,2025-07-26
270,P134,Books,5,360.66,C0114,2025-08-06
271,P086,Electronics,7,286.2,C0186,2025-02-09
272,P008,Apparel,5,309.23,C0380,2025-05-12
273,P008,Books,1,432.71,C0001,2025-03-04
274,P107,Apparel,4,132.84,C0050,2024-12-16
275,P069,Home Goods,8,431.81,C0266,2025-03-26
276,P082,Beauty,2,145.95,C0193,2024-11-28
277,P098,Books,4,55.46,C0155,2025-03-11
278,P114,Books,10,177.56,C0306,2024-08-08
279,P059,Apparel,10,45.92,C0019,2024-09-14
280,P075,Beauty,6,310.64,C0285,2025-05-14
281,P013,Home Goods,6,50.37,C0315,2024-12-17
282,P086,Apparel,4,23.87,C0037,2024-09-21
283,P109,Electronics,10,215.0,C0260,2025-06-03
284,P177,Beauty,6,287.61,C0048,2025-07-28
285,P183,Beauty,8,208.73,C0310,2024-12-01
286,P199,Beauty,6,253.16,C0399,2024-08-13
287,P139,Beauty,10,105.37,C0105,2024-11-09
288,P075,Home Goods,4,63.48,C0258,2025-05-31
289,P008,Apparel,6,445.6,C0440,2024-12-30
290,P143,Food & Beverage,8,411.28,C0161,2024-08-20
291,P009,Apparel,9,15.61,C0130,2025-08-04
292,P097,Food & Beverage,5,56.99,C0263,2024-09-11
293,P195,Food & Beverage,6,284.08,C0350,2024-10-28
294,P006,Home Goods,7,176.23,C0477,2025-01-13
295,P056,Electronics,10,273.68,C0207,2024-08-16
296,P165,Beauty,1,259.19,C0027,2025-04-10
297,P015,Books,9,421.27,C0058,2025-06-09
298,P161,Electronics,4,197.48,C0227,2025-03-13
299,P045,Electronics,2,428.65,C0155,2025-07-21
300,P148,Food & Beverage,1,45.18,C0310,2024-09-13
301,P076,Beauty,4,107.42,C0096,2024-10-31
302,P196,Food & Beverage,5,243.01,C0325,2024-12-15
303,P138,Beauty,6,440.18,C0005,2025-01-03
304,P129,Apparel,7,384.67,C0396,2025-03-06
305,P049,Apparel,1,159.47,C0109,2025-04-20
306,P152,Food & Beverage,8,149.58,C0345,2025-08-06
307,P198,Electronics,1,173.0,C0108,2024-08-19
308,P162,Beauty,10,213.89,C0488,2025-08-05
309,P166,Beauty,2,380.19,C0441,2024-08-23
310,P063,Beauty,7,174.13,C0467,2025-01-29
311,P062,Home Goods,6,180.31,C0218,2024-08-20
312,P114,Apparel,6,62.0,C0123,2024-11-23
313,P155,Food & Beverage,6,354.52,C0209,2025-07-17
314,P043,Books,5,165.14,C0008,2025-05-24
315,P078,Apparel,3,171.92,C0041,2025-03-31
316,P153,Beauty,7,93.92,C0320,2024-09-29
317,P090,Electronics,3,483.02,C0389,2025-01-20
318,P181,Books,10,117.55,C0219,2025-03-19
319,P086,Books,7,52.3,C0267,2025-07-04
320,P016,Electronics,2,210.62,C0302,2024-11-04
321,P148,Apparel,1,383.1,C0240,2025-07-19
322,P093,Books,8,6.35,C0101,2025-04-10
323,P066,Beauty,8,462.39,C0121,2025-05-23
324,P100,Food & Beverage,6,133.87,C0170,2025-08-01
325,P147,Home Goods,9,342.63,C0126,2025-03-01
326,P095,Beauty,6,416.14,C0470,2024-10-25
327,P108,Electronics,10,311.43,C0452,2025-06-17
328,P058,Electronics,8,362.14,C0385,2025-07-19
329,P028,Electronics,2,310.78,C0280,2024-11-30
330,P027,Home Goods,2,155.7,C0050,2025-01-09
331,P189,Electronics,2,309.04,C0027,2025-03-21
332,P011,Home Goods,2,327.35,C0491,2024-09-11
333,P138,Home Goods,10,122.04,C0499,2025-06-23
334,P038,Electronics,6,306.06,C0465,2024-09-25
335,P041,Books,5,473.35,C0052,2025-07-27
336,P006,Apparel,10,125.67,C0226,2024-09-09
337,P009,Beauty,7,64.13,C0124,2024-09-11
338,P102,Electronics,2,393.58,C0035,2025-01-19
339,P011,Electronics,9,47.39,C0376,2024-11-13
340,P101,Apparel,8,402.13,C0288,2025-02-24
341,P015,Beauty,9,405.38,C0232,2025-01-14
342,P174,Books,1,193.09,C0096,2025-03-16
343,P026,Beauty,2,192.15,C0326,2025-02-04
344,P184,Food & Beverage,4,162.7,C0338,2024-09-08
345,P140,Home Goods,8,126.84,C0339,2025-06-01
346,P001,Food & Beverage,10,49.53,C0389,2024-11-15
347,P044,Books,4,41.42,C0355,2024-09-30
348,P081,Apparel,8,175.46,C0160,2024-12-15
349,P194,Food & Beverage,6,113.8,C0389,2025-03-31
350,P075,Apparel,8,49.01,C0086,2025-06-21
351,P080,Electronics,1,228.11,C0070,2025-04-30
352,P178,Electronics,9,45.93,C0490,2025-05-09
353,P099,Beauty,8,360.47,C0444,2024-09-02
354,P035,Beauty,10,325.76,C0173,2025-05-27
355,P085,Food & Beverage,5,317.95,C0205,2024-11-09
356,P144,Books,1,249.64,C0209,2024-10-24
357,P095,Electronics,1,37.53,C0084,2025-01-12
358,P127,Books,4,392.91,C0159,2025-02-12
359,P022,Beauty,1,456.96,C0376,2024-10-02
360,P103,Food & Beverage,6,280.36,C0200,2024-08-07
361,P176,Apparel,7,275.98,C0338,2024-09-28
362,P035,Beauty,3,104.66,C0232,2025-03-05
363,P099,Beauty,5,270.99,C0154,2025-06-22
364,P189,Electronics,4,281.14,C0161,2025-07-10
365,P027,Food & Beverage,3,450.94,C0254,2025-02-20
366,P143,Apparel,4,286.73,C0426,2025-03-15
367,P012,Electronics,7,159.33,C0077,2024-08-21
368,P094,Beauty,8,472.34,C0116,2025-07-01
369,P133,Books,10,392.67,C0072,2025-08-01
370,P042,Food & Beverage,6,320.36,C0126,2025-06-12
371,P054,Books,6,487.65,C0081,2024-09-20
372,P160,Books,2,247.35,C0396,2025-08-03
373,P175,Apparel,3,280.0,C0225,2025-01-06
374,P074,Apparel,2,480.44,C0123,2024-10-06
375,P169,Electronics,6,487.29,C0347,2025-07-19
376,P173,Apparel,2,216.34,C0383,2024-08-12
377,P154,Books,4,369.28,C0052,2025-02-16
378,P160,Apparel,8,475.8,C0203,2025-04-11
379,P180,Electronics,4,467.04,C0497,2024-12-20
380,P027,Home Goods,4,308.19,C0245,2024-12-02
381,P050,Books,10,488.51,C0371,2024-12-24
382,P007,Apparel,10,285.92,C0260,2025-02-25
383,P176,Beauty,10,316.4,C0451,2025-01-07
384,P163,Electronics,3,5.21,C0481,2025-07-21
385,P168,Home Goods,4,437.14,C0391,2024-10-23
386,P075,Apparel,4,401.57,C0423,2024-12-08
387,P125,Electronics,3,366.38,C0216,2024-10-05
388,P156,Food & Beverage,1,51.09,C0307,2025-05-18
389,P139,Food & Beverage,7,465.55,C0027,2024-08-24
390,P097,Home Goods,5,391.44,C0230,2025-03-27
391,P003,Beauty,3,421.7,C0476,2025-05-13
392,P010,Books,9,198.8,C0377,2025-02-17
393,P104,Food & Beverage,6,16.76,C0336,2024-09-25
394,P170,Beauty,5,57.84,C0025,2025-03-08
395,P117,Beauty,9,166.03,C0402,2024-12-30
396,P105,Electronics,9,123.86,C0119,2025-07-06
397,P122,Beauty,3,257.89,C0244,2025-03-28
398,P090,Home Goods,2,479.08,C0377,2024-12-02
399,P088,Books,6,142.9,C0097,2024-12-24
400,P042,Apparel,8,126.53,C0292,2025-05-01
401,P173,Home Goods,9,47.99,C0325,2025-03-11
402,P119,Books,10,112.14,C0224,2024-12-14
403,P153,Electronics,1,188.47,C0490,2024-12-23
404,P002,Electronics,8,7.18,C0041,2025-03-17
405,P007,Apparel,3,250.55,C0008,2025-06-29
406,P189,Electronics,1,344.96,C0011,2025-06-14
407,P178,Home Goods,4,302.53,C0276,2024-09-07
408,P157,Books,6,386.79,C0120,2024-12-17
409,P012,Electronics,8,313.46,C0246,2025-02-05
410,P182,Home Goods,3,325.89,C0489,2025-05-15
411,P074,Food & Beverage,9,377.53,C0493,2025-08-01
412,P122,Apparel,8,98.94,C0076,2025-05-01
413,P126,Food & Beverage,4,315.89,C0198,2025-07-01
414,P071,Beauty,8,49.15,C0316,2024-08-10
415,P125,Home Goods,4,278.29,C0234,2025-03-28
416,P127,Apparel,1,299.25,C0387,2025-06-13
417,P179,Food & Beverage,7,200.44,C0018,2025-01-06
418,P070,Apparel,9,343.09,C0049,2025-05-09
419,P165,Food & Beverage,2,71.43,C0079,2024-09-13
420,P191,Beauty,4,33.13,C0371,2025-03-23
421,P041,Home Goods,7,56.25,C0190,2024-09-23
422,P060,Apparel,3,262.85,C0326,2025-04-05
423,P142,Home Goods,5,45.22,C0132,2025-05-17
424,P162,Apparel,4,275.92,C0117,2025-07-02
425,P078,Apparel,2,411.04,C0461,2025-07-25
426,P109,Books,8,309.04,C0069,2024-08-24
427,P122,Apparel,5,213.34,C0029,2025-04-30
428,P196,Home Goods,9,34.83,C0291,2024-10-12
429,P108,Books,2,183.71,C0001,2024-08-13
430,P019,Apparel,7,352.88,C0306,2025-03-19
431,P125,Food & Beverage,7,361.57,C0162,2025-03-31
432,P109,Apparel,5,284.38,C0050,2024-12-18
433,P081,Books,7,254.04,C0307,2025-05-17
434,P160,Apparel,4,162.86,C0307,2025-07-01
435,P101,Beauty,1,420.32,C0010,2024-10-07
436,P036,Beauty,10,328.28,C0308,2025-08-04
437,P008,Books,7,138.91,C0390,2025-04-15
438,P040,Electronics,3,279.54,C0290,2024-09-06
439,P140,Apparel,2,159.08,C0492,2024-08-15
440,P133,Beauty,1,258.37,C0483,2025-04-17
441,P144,Electronics,7,336.95,C0098,2024-12-31
442,P200,Home Goods,6,291.99,C0356,2025-03-31
443,P142,Food & Beverage,9,74.73,C0363,2025-02-19
444,P192,Home Goods,10,416.52,C0392,2024-12-23
445,P153,Home Goods,3,335.36,C0307,2024-11-29
446,P110,Beauty,6,477.62,C0244,2024-08-28
447,P077,Food & Beverage,2,235.18,C0212,2025-03-08
448,P156,Beauty,10,186.32,C0279,2025-04-03
449,P186,Apparel,7,222.95,C0127,2025-02-25
450,P177,Food & Beverage,7,416.41,C0005,2025-07-09
451,P113,Electronics,2,40.14,C0062,2025-02-25
452,P030,Home Goods,7,12.53,C0491,2025-04-17
453,P029,Beauty,7,339.11,C0125,2025-03-01
454,P125,Beauty,4,177.27,C0117,2024-08-17
455,P029,Food & Beverage,9,210.22,C0410,2025-01-01
456,P094,Books,5,460.25,C0465,2024-10-15
457,P004,Beauty,10,303.93,C0226,2025-06-09
458,P052,Home Goods,7,8.2,C0187,2024-11-15
459,P037,Apparel,8,380.57,C0013,2025-03-29
460,P083,Home Goods,9,404.83,C0083,2025-03-19
461,P071,Food & Beverage,6,273.5,C0447,2024-09-15
462,P027,Apparel,2,371.92,C0223,2025-01-01
463,P169,Apparel,10,210.81,C0175,2024-12-21
464,P122,Electronics,5,499.13,C0489,2024-10-25
465,P189,Beauty,5,170.55,C0453,2025-01-31
466,P191,Food & Beverage,2,310.39,C0054,2024-11-24
467,P182,Beauty,8,238.49,C0285,2025-05-09
468,P016,Apparel,6,364.67,C0196,2024-09-25
469,P135,Apparel,3,305.2,C0366,2024-08-11
470,P033,Home Goods,3,354.51,C0130,2024-11-24
471,P052,Food & Beverage,2,412.88,C0080,2025-03-31
472,P061,Home Goods,1,227.58,C0133,2024-12-01
473,P042,Apparel,5,110.72,C0273,2025-06-10
474,P068,Apparel,2,151.08,C0271,2025-05-26
475,P126,Home Goods,2,312.0,C0282,2025-06-28
476,P085,Electronics,1,396.82,C0325,2024-09-08
477,P049,Home Goods,4,456.74,C0260,2025-06-27
478,P112,Apparel,7,197.67,C0134,2024-09-03
479,P034,Food & Beverage,8,448.4,C0332,2024-09-05
480,P156,Beauty,2,336.57,C0120,2025-05-03
481,P114,Home Goods,8,135.2,C0164,2024-08-14
482,P161,Electronics,3,360.45,C0402,2025-02-08
483,P001,Food & Beverage,8,245.73,C0448,2025-07-31
484,P100,Beauty,4,43.79,C0192,2025-08-01
485,P015,Home Goods,2,48.62,C0416,2024-08-07
486,P145,Apparel,5,213.33,C0052,2025-05-24
487,P116,Electronics,7,14.96,C0256,2025-04-06
488,P023,Books,7,252.57,C0274,2025-03-05
489,P171,Home Goods,10,271.19,C0485,2025-06-19
490,P032,Food & Beverage,9,301.5,C0136,2025-07-25
491,P198,Books,2,39.06,C0089,2024-08-08
492,P183,Electronics,3,64.29,C0442,2024-09-25
493,P142,Home Goods,10,47.33,C0435,2024-11-28
494,P011,Electronics,10,490.86,C0054,2024-09-06
495,P199,Food & Beverage,7,407.27,C0308,2025-02-20
496,P155,Home Goods,5,36.38,C0426,2025-01-02
497,P045,Home Goods,3,152.15,C0335,2025-03-01
498,P105,Beauty,3,109.8,C0460,2025-05-23
499,P112,Apparel,9,38.37,C0339,2025-05-22
500,P022,Electronics,10,454.46,C0322,2025-06-03
501,P117,Electronics,2,402.0,C0374,2024-10-27
502,P101,Food & Beverage,3,5.2,C0049,2025-03-13
503,P055,Apparel,4,284.8,C0351,2025-02-02
504,P121,Apparel,4,61.06,C0166,2025-03-13
505,P025,Apparel,2,435.23,C0374,2025-04-29
506,P058,Food & Beverage,2,176.36,C0238,2025-05-18
507,P015,Food & Beverage,3,58.55,C0497,2024-12-21
508,P149,Apparel,6,428.03,C0229,2025-07-19
509,P127,Food & Beverage,8,249.8,C0326,2024-11-15
510,P139,Electronics,4,145.8,C0421,2025-03-29
511,P138,Electronics,5,127.73,C0489,2025-05-06
512,P053,Books,5,214.7,C0198,2024-11-05
513,P104,Beauty,10,428.28,C0187,2024-11-04
514,P089,Home Goods,10,479.3,C0269,2024-11-26
515,P008,Apparel,9,463.7,C0141,2024-12-30
516,P133,Books,4,433.09,C0049,2025-06-05
517,P193,Apparel,4,316.47,C0408,2025-01-16
518,P135,Apparel,4,415.55,C0407,2025-07-09
519,P008,Electronics,6,422.77,C0187,2024-08-17
520,P186,Electronics,5,138.9,C0131,2024-10-10
521,P051,Apparel,4,428.68,C0462,2024-08-22
522,P147,Apparel,3,478.22,C0185,2025-06-06
523,P167,Beauty,8,87.74,C0205,2025-02-06
524,P159,Beauty,4,390.65,C0328,2025-05-14
525,P050,Electronics,1,340.89,C0188,2024-10-08
526,P087,Electronics,3,439.29,C0128,2025-05-24
527,P048,Food & Beverage,4,23.78,C0169,2025-02-02
528,P013,Books,8,467.99,C0428,2024-08-29
529,P110,Food & Beverage,7,490.5,C0496,2025-04-04
530,P135,Beauty,10,496.63,C0469,2024-12-05
531,P150,Electronics,7,340.6,C0285,2025-04-19
532,P111,Books,6,186.08,C0273,2024-09-12
533,P069,Electronics,8,130.89,C0423,2025-06-25
534,P002,Beauty,6,85.15,C0293,2025-07-03
535,P057,Home Goods,2,135.81,C0419,2025-02-28
536,P176,Food & Beverage,1,23.95,C0357,2024-10-01
537,P096,Home Goods,7,273.66,C0443,2024-12-06
538,P133,Food & Beverage,10,295.34,C0290,2024-11-18
539,P135,Home Goods,5,367.79,C0351,2024-09-23
540,P124,Beauty,3,222.6,C0270,2025-03-09
541,P038,Food & Beverage,9,39.06,C0131,2024-11-05
542,P164,Apparel,2,129.54,C0447,2024-10-11
543,P115,Beauty,2,382.21,C0188,2025-03-07
544,P173,Electronics,8,198.75,C0462,2024-09-15
545,P141,Electronics,10,457.23,C0253,2025-03-29
546,P200,Apparel,8,169.23,C0204,2025-08-01
547,P051,Apparel,9,162.89,C0388,2024-12-04
548,P131,Books,3,299.01,C0013,2024-11-08
549,P066,Food & Beverage,4,371.87,C0044,2025-03-15
550,P049,Food & Beverage,1,246.14,C0095,2025-03-23
551,P151,Food & Beverage,10,231.32,C0179,2025-05-15
552,P114,Home Goods,1,212.16,C0110,2024-08-06
553,P003,Food & Beverage,4,141.12,C0264,2025-05-05
554,P125,Home Goods,5,375.55,C0140,2025-03-18
555,P187,Food & Beverage,1,54.32,C0234,2025-05-27
556,P012,Home Goods,9,284.65,C0308,2025-05-11
557,P113,Books,2,289.13,C0455,2025-04-29
558,P072,Food & Beverage,6,8.09,C0149,2024-11-30
559,P076,Beauty,10,329.8,C0369,2024-11-24
560,P143,Books,3,417.26,C0224,2025-06-25
561,P119,Food & Beverage,9,36.05,C0265,2025-04-25
562,P192,Books,7,223.65,C0463,2025-02-28
563,P082,Home Goods,5,287.95,C0441,2024-10-14
564,P071,Home Goods,10,126.71,C0439,2024-10-29
565,P030,Apparel,5,476.28,C0056,2025-08-02
566,P011,Beauty,4,228.05,C0140,2025-07-10
567,P121,Food & Beverage,4,283.53,C0027,2024-08-26
568,P193,Apparel,5,199.26,C0135,2025-03-17
569,P081,Home Goods,7,21.44,C0040,2025-05-03
570,P048,Home Goods,8,242.3,C0054,2024-09-03
571,P061,Food & Beverage,8,375.55,C0039,2024-08-07
572,P109,Apparel,5,349.29,C0332,2024-12-22
573,P113,Electronics,8,20.84,C0413,2025-04-08
574,P183,Apparel,7,498.53,C0305,2024-10-21
575,P065,Food & Beverage,4,496.32,C0233,2024-12-16
576,P154,Food & Beverage,3,72.61,C0296,2024-12-13
577,P152,Food & Beverage,7,208.34,C0442,2025-07-18
578,P126,Food & Beverage,5,484.3,C0070,2024-12-31
579,P155,Books,10,64.37,C0340,2025-07-04
580,P058,Books,3,63.47,C0096,2025-04-26
581,P183,Apparel,5,184.83,C0059,2025-04-17
582,P026,Apparel,10,291.89,C0274,2025-03-18
583,P197,Electronics,4,266.74,C0229,2025-01-13
584,P106,Home Goods,9,471.18,C0247,2025-04-23
585,P139,Food & Beverage,2,75.8,C0441,2024-12-17
586,P187,Beauty,10,430.72,C0018,2024-09-11
587,P071,Books,10,63.99,C0129,2024-12-26
588,P142,Books,2,130.38,C0390,2025-04-04
589,P064,Apparel,1,405.21,C0192,2025-06-11
590,P028,Home Goods,3,481.41,C0131,2025-06-11
591,P126,Beauty,3,328.35,C0081,2024-09-30
592,P057,Books,1,250.81,C0449,2025-03-02
593,P140,Home Goods,2,219.79,C0158,2025-02-06
594,P179,Apparel,1,492.71,C0283,2024-11-28
595,P028,Apparel,4,483.99,C0210,2024-08-20
596,P159,Beauty,9,27.69,C0492,2025-06-29
597,P068,Books,8,372.06,C0101,2025-02-19
598,P049,Beauty,3,106.91,C0055,2025-02-19
599,P133,Home Goods,5,458.4,C0185,2024-12-17
600,P028,Apparel,2,237.32,C0481,2025-03-24
601,P119,Apparel,5,454.25,C0012,2025-02-07
602,P027,Food & Beverage,6,8.13,C0049,2025-02-13
603,P115,Home Goods,2,286.4,C0011,2024-11-29
604,P085,Beauty,9,70.77,C0109,2025-02-04
605,P087,Electronics,7,209.47,C0308,2024-11-02
606,P129,Beauty,9,102.95,C0449,2025-05-08
607,P116,Books,10,401.62,C0020,2024-12-22
608,P014,Books,3,138.18,C0232,2024-11-16
609,P127,Beauty,9,385.99,C0077,2025-03-12
610,P165,Food & Beverage,8,397.1,C0103,2024-12-22
611,P023,Books,8,52.89,C0191,2024-08-19
612,P148,Food & Beverage,7,14.08,C0133,2024-08-14
613,P183,Home Goods,5,93.32,C0014,2025-05-29
614,P120,Electronics,6,276.06,C0297,2024-10-29
615,P126,Books,1,363.64,C0115,2024-12-24
616,P048,Apparel,7,421.61,C0360,2025-04-13
617,P143,Apparel,8,269.93,C0267,2024-08-16
618,P123,Food & Beverage,5,386.7,C0483,2024-10-27
619,P116,Home Goods,1,110.92,C0300,2025-02-28
620,P164,Books,2,371.99,C0033,2025-04-09
621,P109,Apparel,8,48.91,C0183,2024-11-02
622,P097,Home Goods,10,66.87,C0321,2024-10-18
623,P049,Home Goods,2,215.23,C0289,2024-09-17
624,P032,Home Goods,2,102.4,C0129,2024-12-13
625,P187,Home Goods,9,436.07,C0294,2025-05-20
626,P059,Home Goods,10,288.64,C0055,2024-08-12
627,P178,Food & Beverage,9,23.8,C0480,2024-08-17
628,P067,Beauty,2,60.38,C0019,2024-11-25
629,P016,Apparel,2,248.0,C0182,2024-10-21
630,P169,Food & Beverage,1,342.18,C0071,2025-01-13
631,P053,Food & Beverage,3,20.13,C0353,2025-05-10
632,P197,Apparel,7,391.45,C0249,2024-09-18
633,P046,Home Goods,10,231.07,C0328,2025-02-27
634,P099,Electronics,2,20.96,C0184,2025-05-27
635,P111,Books,3,154.95,C0322,2025-02-10
636,P067,Electronics,2,302.83,C0445,2025-06-19
637,P181,Electronics,3,478.81,C0139,2024-09-01
638,P185,Home Goods,2,434.11,C0205,2025-06-28
639,P177,Apparel,6,48.47,C0365,2025-05-11
640,P190,Electronics,1,310.14,C0500,2025-03-06
641,P128,Books,10,123.27,C0039,2025-03-21
642,P058,Electronics,10,62.58,C0088,2025-04-02
643,P056,Apparel,2,125.09,C0425,2024-11-16
644,P007,Books,3,284.65,C0054,2024-12-24
645,P008,Food & Beverage,4,205.73,C0402,2025-06-25
646,P173,Home Goods,2,442.84,C0207,2024-12-10
647,P119,Beauty,8,468.08,C0160,2025-07-23
648,P023,Apparel,9,444.54,C0023,2024-10-20
649,P141,Food & Beverage,4,59.03,C0209,2025-04-30
650,P069,Food & Beverage,9,391.56,C0334,2024-12-08
651,P162,Food & Beverage,1,431.51,C0340,2024-08-21
652,P011,Books,8,33.83,C0247,2025-01-12
653,P135,Books,2,254.93,C0414,2024-08-24
654,P162,Books,10,357.35,C0428,2025-03-22
655,P168,Apparel,7,34.42,C0046,2025-06-29
656,P092,Home Goods,9,171.97,C0243,2024-11-08
657,P073,Apparel,7,47.95,C0181,2024-09-19
658,P063,Food & Beverage,5,76.54,C0470,2025-02-12
659,P140,Beauty,6,318.32,C0095,2024-08-12
660,P116,Books,1,46.87,C0324,2024-11-18
661,P098,Home Goods,2,89.52,C0162,2024-10-29
662,P059,Food & Beverage,9,390.25,C0320,2025-05-15
663,P161,Home Goods,8,481.39,C0193,2025-04-29
664,P127,Food & Beverage,2,139.35,C0061,2025-03-16
665,P043,Home Goods,3,392.45,C0077,2025-03-27
666,P166,Apparel,5,131.07,C0367,2024-11-09
667,P026,Books,7,300.66,C0220,2025-01-02
668,P188,Beauty,6,271.86,C0055,2024-11-21
669,P035,Beauty,6,357.84,C0116,2025-05-17
670,P045,Electronics,6,19.11,C0460,2024-10-23
671,P075,Apparel,4,288.2,C0287,2025-04-11
672,P102,Electronics,8,361.45,C0171,2024-08-06
673,P103,Beauty,2,465.97,C0041,2025-04-06
674,P149,Home Goods,3,171.42,C0385,2025-04-24
675,P047,Home Goods,5,189.55,C0369,2025-06-22
676,P050,Books,5,491.27,C0189,2024-08-24
677,P038,Food & Beverage,9,36.92,C0149,2024-10-20
678,P134,Books,7,396.27,C0186,2024-10-13
679,P102,Books,2,274.84,C0149,2024-09-24
680,P077,Beauty,8,196.94,C0170,2025-05-20
681,P109,Electronics,6,106.48,C0076,2025-01-09
682,P135,Beauty,1,447.13,C0402,2025-07-04
683,P068,Apparel,1,22.09,C0283,2025-06-12
684,P030,Apparel,1,190.55,C0285,2025-08-02
685,P030,Home Goods,3,347.66,C0295,2024-11-22
686,P096,Apparel,8,54.83,C0474,2025-08-01
687,P163,Electronics,10,203.5,C0048,2024-08-22
688,P011,Electronics,7,177.57,C0186,2025-07-14
689,P042,Apparel,4,185.29,C0473,2025-03-15
690,P175,Apparel,3,94.74,C0440,2024-08-19
691,P189,Food & Beverage,9,484.81,C0073,2025-02-08
692,P104,Food & Beverage,9,207.64,C0300,2025-01-20
693,P122,Food & Beverage,3,57.59,C0247,2025-07-14
694,P014,Books,5,94.76,C0171,2024-12-01
695,P019,Food & Beverage,4,234.88,C0242,2025-06-05
696,P131,Electronics,8,254.89,C0104,2024-09-22
697,P123,Beauty,5,113.07,C0209,2025-02-11
698,P136,Home Goods,10,376.74,C0486,2024-10-14
699,P155,Electronics,2,403.5,C0450,2024-10-16
700,P085,Food & Beverage,4,413.57,C0356,2024-12-17
701,P061,Food & Beverage,6,120.41,C0193,2025-02-25
702,P165,Home Goods,8,249.34,C0266,2025-02-19
703,P028,Electronics,1,37.66,C0434,2025-07-31
704,P162,Books,6,342.26,C0113,2025-03-01
705,P103,Electronics,1,309.3,C0004,2024-10-06
706,P040,Beauty,2,235.93,C0283,2024-09-24
707,P042,Beauty,7,21.79,C0058,2025-07-12
708,P149,Beauty,4,200.1,C0007,2025-03-22
709,P032,Food & Beverage,3,237.59,C0238,2024-09-28
710,P029,Home Goods,5,425.68,C0482,2025-02-02
711,P009,Beauty,5,137.52,C0361,2025-01-31
712,P195,Books,4,209.31,C0036,2025-06-27
713,P192,Apparel,6,168.24,C0364,2024-10-06
714,P190,Apparel,2,479.31,C0359,2024-08-10
715,P196,Beauty,2,400.01,C0080,2025-04-13
716,P130,Electronics,4,346.2,C0495,2025-05-25
717,P133,Books,3,144.48,C0040,2024-09-07
718,P129,Apparel,1,261.35,C0038,2025-06-12
719,P186,Beauty,6,288.93,C0429,2024-11-06
720,P065,Apparel,7,471.74,C0193,2025-03-27
721,P160,Electronics,10,389.44,C0173,2025-04-08
722,P008,Food & Beverage,1,228.72,C0404,2024-09-08
723,P075,Beauty,1,57.35,C0248,2025-04-03
724,P053,Home Goods,9,104.13,C0027,2025-01-05
725,P077,Food & Beverage,4,347.26,C0172,2025-02-06
726,P116,Food & Beverage,2,357.71,C0302,2025-01-19
727,P128,Beauty,2,229.63,C0217,2025-05-21
728,P198,Books,1,183.98,C0383,2025-07-24
729,P170,Beauty,4,65.32,C0426,2025-04-01
730,P038,Apparel,8,489.31,C0488,2025-07-06
731,P032,Books,4,482.16,C0485,2025-01-05
732,P094,Books,2,7.85,C0189,2025-01-28
733,P194,Electronics,4,19.55,C0387,2025-06-30
734,P137,Apparel,5,342.52,C0461,2024-10-16
735,P035,Home Goods,1,302.38,C0103,2024-08-06
736,P025,Food & Beverage,8,203.67,C0171,2024-09-21
737,P055,Books,3,237.84,C0428,2025-02-08
738,P163,Food & Beverage,1,282.24,C0371,2025-03-21
739,P066,Food & Beverage,4,400.33,C0406,2024-11-01
740,P188,Books,9,354.59,C0124,2025-06-30
741,P177,Food & Beverage,4,448.6,C0010,2024-12-06
742,P187,Home Goods,6,416.9,C0342,2025-04-03
743,P119,Apparel,10,50.71,C0316,2024-08-22
744,P147,Electronics,10,413.44,C0182,2025-02-20
745,P043,Electronics,7,69.07,C0002,2025-06-05
746,P098,Electronics,8,306.1,C0053,2025-04-20
747,P007,Beauty,2,347.62,C0130,2025-01-30
748,P076,Beauty,10,85.06,C0101,2025-04-28
749,P003,Apparel,6,35.25,C0178,2024-10-20
750,P014,Apparel,9,178.26,C0374,2024-09-10
751,P127,Home Goods,5,67.15,C0032,2024-11-14
752,P013,Home Goods,2,50.89,C0262,2025-01-20
753,P119,Apparel,7,159.81,C0454,2024-11-16
754,P161,Food & Beverage,5,168.12,C0353,2024-12-30
755,P066,Beauty,2,98.97,C0304,2025-01-19
756,P183,Apparel,6,239.39,C0141,2024-10-28
757,P099,Apparel,8,130.93,C0381,2025-07-14
758,P133,Electronics,7,363.43,C0263,2024-11-28
759,P063,Food & Beverage,5,244.66,C0070,2025-01-28
760,P082,Electronics,10,92.64,C0307,2025-02-17
761,P125,Home Goods,9,177.68,C0478,2025-02-13
762,P018,Home Goods,4,496.86,C0139,2025-03-21
763,P093,Apparel,6,413.28,C0105,2025-05-29
764,P105,Food & Beverage,3,167.04,C0363,2024-11-11
765,P026,Beauty,9,79.61,C0319,2024-10-30
766,P182,Apparel,1,429.87,C0175,2025-03-06
767,P047,Food & Beverage,5,83.3,C0039,2025-05-06
768,P068,Electronics,1,374.12,C0199,2025-07-29
769,P163,Electronics,1,88.38,C0288,2025-04-13
770,P121,Beauty,10,418.44,C0311,2024-12-26
771,P027,Electronics,8,265.09,C0018,2024-08-17
772,P186,Food & Beverage,1,311.87,C0140,2025-01-19
773,P096,Electronics,10,498.41,C0477,2024-09-23
774,P114,Home Goods,2,12.68,C0068,2025-06-26
775,P052,Electronics,8,81.9,C0459,2025-03-23
776,P116,Books,2,424.34,C0383,2024-09-24
777,P069,Books,6,260.56,C0429,2025-06-03
778,P005,Home Goods,5,370.49,C0098,2025-06-23
779,P045,Apparel,1,112.35,C0421,2025-01-24
780,P034,Books,5,399.77,C0201,2025-05-20
781,P064,Apparel,4,196.26,C0037,2024-12-23
782,P186,Books,7,163.46,C0454,2024-08-10
783,P007,Beauty,5,278.07,C0407,2025-06-23
784,P009,Food & Beverage,5,170.93,C0183,2024-09-12
785,P067,Home Goods,3,439.54,C0329,2025-01-13
786,P066,Electronics,7,265.24,C0467,2025-04-06
787,P177,Beauty,3,185.67,C0170,2025-07-31
788,P067,Apparel,4,324.46,C0275,2025-04-24
789,P002,Beauty,10,315.82,C0055,2025-01-16
790,P125,Apparel,10,245.1,C0159,2024-08-17
791,P104,Books,4,228.31,C0468,2025-02-11
792,P088,Apparel,9,159.13,C0117,2025-05-03
793,P075,Food & Beverage,9,277.11,C0375,2025-07-28
794,P107,Food & Beverage,4,18.44,C0432,2025-02-05
795,P156,Books,7,87.95,C0132,2025-05-04
796,P151,Home Goods,3,208.67,C0465,2025-01-14
797,P069,Books,10,403.0,C0012,2025-06-29
798,P190,Electronics,1,44.88,C0064,2025-03-20
799,P132,Books,3,369.54,C0329,2025-05-17
800,P019,Food & Beverage,2,131.51,C0448,2024-11-13
801,P002,Apparel,6,244.51,C0021,2025-07-03
802,P038,Beauty,4,312.56,C0426,2025-06-21
803,P131,Apparel,9,428.23,C0486,2024-10-26
804,P024,Electronics,6,267.41,C0207,2025-07-21
805,P189,Electronics,8,232.87,C0338,2024-12-28
806,P093,Apparel,10,44.96,C0203,2025-03-26
807,P092,Electronics,5,245.89,C0289,2024-11-21
808,P173,Food & Beverage,9,325.11,C0092,2025-06-10
809,P070,Beauty,2,179.61,C0412,2025-03-18
810,P042,Apparel,2,353.37,C0144,2025-03-12
811,P029,Books,2,494.18,C0342,2024-11-04
812,P080,Home Goods,1,382.2,C0489,2025-03-12
813,P161,Food & Beverage,1,226.04,C0450,2025-02-20
814,P016,Electronics,9,309.64,C0142,2025-01-15
815,P123,Food & Beverage,8,322.05,C0110,2024-11-25
816,P037,Food & Beverage,3,317.23,C0373,2025-06-19
817,P112,Electronics,10,419.59,C0500,2025-04-26
818,P176,Apparel,9,227.02,C0390,2024-12-13
819,P018,Books,2,315.87,C0458,2024-09-28
820,P109,Electronics,1,339.73,C0113,2024-08-14
821,P156,Home Goods,4,282.56,C0469,2025-04-20
822,P035,Home Goods,5,133.59,C0181,2025-05-13
823,P108,Books,2,22.35,C0120,2025-06-15
824,P129,Beauty,2,141.52,C0302,2024-10-14
825,P021,Home Goods,6,261.77,C0393,2025-07-23
826,P093,Apparel,7,470.87,C0232,2024-10-19
827,P177,Apparel,3,250.62,C0457,2024-12-23
828,P138,Apparel,1,217.25,C0481,2024-12-30
829,P030,Apparel,6,332.59,C0219,2025-07-17
830,P115,Home Goods,2,225.37,C0194,2024-10-22
831,P053,Food & Beverage,2,421.04,C0113,2024-10-02
832,P093,Home Goods,9,93.17,C0029,2025-06-23
833,P012,Apparel,6,167.3,C0414,2025-03-14
834,P108,Apparel,9,108.08,C0405,2025-01-14
835,P141,Apparel,9,491.58,C0230,2025-06-28
836,P047,Electronics,5,280.83,C0197,2025-07-15
837,P074,Electronics,9,492.79,C0236,2024-11-08
838,P002,Apparel,8,264.85,C0380,2025-06-10
839,P007,Beauty,10,385.3,C0323,2025-07-03
840,P060,Books,8,167.02,C0159,2025-03-09
841,P165,Food & Beverage,2,498.89,C0114,2025-01-18
842,P097,Books,8,342.26,C0149,2024-12-21
843,P050,Home Goods,9,386.56,C0336,2025-03-16
844,P060,Electronics,1,373.6,C0125,2025-06-08
845,P056,Books,7,159.74,C0055,2025-05-04
846,P193,Electronics,1,410.94,C0466,2024-09-27
847,P111,Apparel,1,282.6,C0088,2025-02-08
848,P193,Apparel,3,92.85,C0132,2025-04-19
849,P184,Electronics,8,290.08,C0482,2025-07-11
850,P001,Food & Beverage,7,140.69,C0194,2025-05-12
851,P172,Apparel,9,456.65,C0167,2025-05-24
852,P060,Beauty,6,402.49,C0174,2025-02-12
853,P158,Beauty,6,308.85,C0464,2024-11-13
854,P153,Electronics,5,252.24,C0226,2024-12-03
855,P056,Beauty,7,343.87,C0454,2024-09-06
856,P181,Home Goods,4,424.62,C0430,2024-09-09
857,P054,Home Goods,8,242.55,C0429,2024-08-12
858,P068,Apparel,5,217.03,C0340,2024-09-21
859,P194,Apparel,1,350.86,C0220,2025-02-09
860,P006,Home Goods,6,182.92,C0159,2025-01-24
861,P159,Beauty,4,115.61,C0445,2024-11-22
862,P198,Apparel,1,394.31,C0164,2024-12-30
863,P185,Books,4,372.26,C0119,2025-06-12
864,P121,Beauty,6,468.12,C0126,2025-05-09
865,P153,Books,6,321.6,C0215,2024-08-27
866,P188,Home Goods,2,439.2,C0163,2025-01-10
867,P050,Beauty,1,154.19,C0396,2025-03-12
868,P092,Beauty,5,119.09,C0020,2024-12-20
869,P172,Electronics,5,250.33,C0033,2025-07-21
870,P106,Apparel,9,124.18,C0394,2024-12-18
871,P155,Beauty,3,371.03,C0158,2024-10-10
872,P055,Apparel,10,46.04,C0127,2025-04-25
873,P115,Beauty,9,380.47,C0390,2024-09-07
874,P178,Books,10,405.41,C0412,2024-09-12
875,P066,Beauty,10,421.1,C0497,2025-07-18
876,P003,Home Goods,2,384.12,C0127,2024-08-30
877,P155,Food & Beverage,4,102.08,C0171,2025-05-01
878,P187,Home Goods,9,213.25,C0145,2025-03-11
879,P196,Apparel,6,330.31,C0494,2025-04-08
880,P057,Apparel,3,50.93,C0085,2025-03-03
881,P041,Home Goods,6,485.25,C0310,2024-09-04
882,P120,Beauty,5,282.1,C0269,2025-06-21
883,P067,Apparel,5,476.63,C0244,2025-04-23
884,P041,Beauty,4,34.8,C0034,2024-10-15
885,P142,Home Goods,6,417.35,C0342,2025-01-11
886,P083,Beauty,10,92.3,C0301,2024-08-19
887,P173,Home Goods,5,491.07,C0309,2025-06-08
888,P110,Beauty,5,366.11,C0396,2024-10-11
889,P068,Electronics,4,397.09,C0447,2024-09-03
890,P197,Home Goods,7,321.91,C0183,2025-06-06
891,P119,Apparel,5,152.71,C0347,2025-01-18
892,P165,Home Goods,3,407.34,C0235,2025-05-13
893,P078,Electronics,2,228.65,C0045,2025-03-27
894,P126,Electronics,7,126.6,C0468,2025-06-15
895,P113,Electronics,5,283.86,C0493,2025-04-17
896,P111,Beauty,2,283.9,C0415,2025-02-12
897,P184,Electronics,10,280.99,C0075,2025-01-31
898,P027,Electronics,3,27.8,C0063,2025-07-14
899,P034,Books,6,298.52,C0437,2024-11-16
900,P147,Home Goods,2,268.06,C0409,2024-10-11
901,P162,Food & Beverage,7,6.89,C0216,2025-08-01
902,P119,Electronics,6,122.19,C0487,2024-09-09
903,P124,Food & Beverage,10,424.83,C0048,2025-06-26
904,P068,Beauty,8,153.59,C0439,2024-12-07
905,P035,Books,7,212.06,C0068,2024-08-06
906,P127,Books,1,195.48,C0392,2024-10-30
907,P144,Apparel,6,56.66,C0414,2024-10-24
908,P126,Books,4,88.11,C0352,2025-04-26
909,P158,Apparel,6,363.91,C0236,2025-01-27
910,P013,Food & Beverage,3,376.12,C0003,2024-09-04
911,P030,Beauty,3,488.78,C0347,2024-10-11
912,P085,Home Goods,1,125.35,C0165,2024-10-09
913,P178,Home Goods,3,17.49,C0476,2025-05-31
914,P058,Apparel,3,24.29,C0214,2025-07-24
915,P087,Electronics,4,293.38,C0040,2025-06-02
916,P083,Apparel,4,443.48,C0460,2025-03-29
917,P120,Beauty,7,118.62,C0314,2025-06-18
918,P154,Food & Beverage,7,195.63,C0091,2024-08-10
919,P134,Books,9,338.17,C0385,2025-01-27
920,P141,Apparel,5,10.16,C0414,2024-08-23
921,P156,Electronics,5,401.3,C0165,2024-09-21
922,P104,Home Goods,5,274.67,C0326,2025-05-22
923,P081,Home Goods,3,238.99,C0475,2024-09-28
924,P121,Beauty,8,142.68,C0347,2025-05-09
925,P105,Food & Beverage,4,286.95,C0223,2025-03-10
926,P125,Home Goods,2,462.17,C0441,2024-11-03
927,P099,Electronics,6,489.04,C0491,2024-10-23
928,P186,Beauty,2,288.22,C0281,2024-10-18
929,P085,Beauty,9,104.46,C0233,2024-10-12
930,P152,Electronics,6,482.88,C0348,2025-05-23
931,P115,Food & Beverage,2,255.25,C0493,2024-09-04
932,P039,Books,3,233.46,C0317,2024-12-02
933,P038,Beauty,3,456.9,C0461,2025-06-17
934,P047,Books,1,243.18,C0314,2025-07-21
935,P082,Home Goods,3,228.34,C0328,2025-05-26
936,P194,Beauty,9,336.33,C0061,2025-05-23
937,P089,Books,10,169.13,C0279,2024-09-16
938,P015,Books,2,394.37,C0500,2025-06-21
939,P058,Apparel,5,339.9,C0318,2024-10-17
940,P104,Books,8,175.67,C0496,2025-06-07
941,P020,Home Goods,10,318.43,C0203,2024-09-30
942,P018,Home Goods,2,378.84,C0337,2025-02-15
943,P162,Beauty,8,85.16,C0443,2024-10-18
944,P122,Books,5,422.73,C0155,2024-12-26
945,P011,Electronics,8,394.15,C0011,2025-02-25
946,P129,Apparel,6,396.2,C0390,2024-10-06
947,P141,Books,1,406.87,C0164,2025-07-16
948,P200,Home Goods,5,148.56,C0484,2024-11-28
949,P011,Apparel,5,414.83,C0085,2025-06-14
950,P192,Beauty,2,203.07,C0160,2025-01-14
951,P140,Home Goods,10,218.46,C0064,2025-03-06
952,P030,Beauty,8,475.47,C0054,2025-01-25
953,P043,Home Goods,10,323.81,C0325,2024-08-12
954,P175,Apparel,3,152.38,C0316,2025-05-10
955,P112,Apparel,10,92.55,C0323,2025-04-17
956,P026,Electronics,9,344.67,C0497,2024-09-17
957,P078,Apparel,2,412.03,C0487,2025-07-07
958,P021,Food & Beverage,1,156.34,C0364,2025-07-31
959,P099,Electronics,5,73.95,C0219,2025-06-12
960,P099,Home Goods,8,157.0,C0328,2025-04-09
961,P012,Beauty,3,124.45,C0408,2025-06-08
962,P115,Beauty,1,181.56,C0262,2025-03-16
963,P052,Books,3,324.21,C0357,2025-06-18
964,P153,Apparel,4,391.12,C0050,2025-03-24
965,P151,Beauty,6,66.29,C0138,2025-05-08
966,P138,Apparel,9,74.1,C0199,2025-06-15
967,P175,Electronics,8,247.4,C0493,2025-05-28
968,P028,Home Goods,4,348.11,C0100,2024-12-16
969,P030,Apparel,9,262.43,C0121,2025-02-20
970,P022,Food & Beverage,10,210.33,C0289,2024-09-12
971,P105,Books,4,340.56,C0012,2024-09-13
972,P138,Food & Beverage,1,35.81,C0139,2025-03-18
973,P162,Home Goods,4,393.34,C0405,2024-09-13
974,P010,Beauty,4,288.76,C0313,2025-06-15
975,P086,Electronics,2,156.14,C0222,2025-06-14
976,P113,Beauty,1,236.81,C0119,2025-05-17
977,P184,Beauty,10,37.31,C0177,2025-02-28
978,P159,Beauty,9,271.92,C0179,2024-08-22
979,P048,Electronics,2,343.09,C0070,2025-01-08
980,P120,Beauty,6,125.19,C0347,2024-11-25
981,P194,Home Goods,10,21.54,C0363,2025-07-01
982,P093,Books,2,455.5,C0387,2024-12-21
983,P192,Apparel,2,155.33,C0156,2024-09-21
984,P012,Electronics,9,305.84,C0280,2024-12-16
985,P003,Apparel,2,303.56,C0211,2024-12-31
986,P008,Home Goods,9,120.52,C0366,2024-10-15
987,P192,Home Goods,5,377.33,C0358,2025-02-09
988,P131,Food & Beverage,4,258.07,C0355,2024-09-28
989,P113,Apparel,1,24.68,C0409,2025-03-27
990,P150,Apparel,4,169.64,C0073,2025-03-31
991,P176,Food & Beverage,7,422.95,C0404,2024-11-27
992,P048,Beauty,7,312.52,C0117,2025-05-06
993,P044,Food & Beverage,4,465.96,C0010,2025-07-28
994,P136,Food & Beverage,3,168.09,C0329,2025-06-22
995,P056,Beauty,2,261.71,C0489,2025-06-12
996,P200,Electronics,9,368.72,C0136,2024-10-05
997,P098,Electronics,4,52.51,C0331,2025-01-26
998,P117,Books,3,498.88,C0257,2025-08-01
999,P019,Food & Beverage,3,367.59,C0116,2025-02-27
1000,P116,Apparel,5,90.05,C0401,2024-10-16
